time_s,displacement_mm
0.000000,-0.609793
0.020000,-0.500173
0.040000,-0.164065
0.060000,-0.079343
0.080000,-0.105301
0.100000,-0.008909
0.120000,0.176477
0.140000,0.267810
0.160000,0.217556
0.180000,0.163695
0.200000,0.158723
0.220000,0.016499
0.240000,-0.295410
0.260000,-0.480022
0.280000,-0.477424
0.300000,-0.302699
0.320000,0.049579
0.340000,0.228900
0.360000,0.157685
0.380000,0.153978
0.400000,0.381594
0.420000,0.604483
0.440000,0.379775
0.460000,0.020821
0.480000,0.052620
0.500000,0.050029
0.520000,-0.367221
0.540000,-0.715756
0.560000,-0.391627
0.580000,0.280043
0.600000,0.367893
0.620000,-0.020536
0.640000,-0.008342
0.660000,0.396821
0.680000,0.470948
0.700000,0.106251
0.720000,-0.031131
0.740000,0.184563
0.760000,-0.008051
0.780000,-0.764684
0.800000,-1.023724
0.820000,-0.230609
0.840000,0.417179
0.860000,0.090205
0.880000,-0.153772
0.900000,0.291747
0.920000,0.605077
0.940000,0.269220
0.960000,-0.234082
0.980000,-0.063027
1.000000,0.404553
1.020000,-0.043697
1.040000,-0.824897
1.060000,-0.720589
1.080000,-0.172667
1.100000,0.117983
1.120000,0.093948
1.140000,0.034922
1.160000,0.324229
1.180000,0.545143
1.200000,0.187701
1.220000,-0.245695
1.240000,-0.088287
1.260000,0.442517
1.280000,0.302005
1.300000,-0.572031
1.320000,-0.806058
1.340000,-0.142133
1.360000,0.358124
1.380000,0.237232
1.400000,0.051780
1.420000,0.469218
1.440000,0.814404
1.460000,0.169727
1.480000,-0.569459
1.500000,-0.256689
1.520000,0.472731
1.540000,0.172748
1.560000,-0.817344
1.580000,-0.820235
1.600000,-0.003537
1.620000,0.254797
1.640000,-0.199038
1.660000,-0.266164
1.680000,0.653259
1.700000,1.037702
1.720000,-0.019423
1.740000,-0.662256
1.760000,0.035672
1.780000,0.525932
1.800000,-0.185655
1.820000,-0.949648
1.840000,-0.450153
1.860000,0.368229
1.880000,-0.015576
1.900000,-0.699157
1.920000,-0.080616
1.940000,0.982924
1.960000,0.748105
1.980000,-0.285297
2.000000,-0.429903
2.020000,0.315088
2.040000,0.477573
2.060000,-0.266584
2.080000,-0.583540
2.100000,-0.037194
2.120000,0.182870
2.140000,-0.329236
2.160000,-0.512138
2.180000,0.178761
2.200000,0.880815
2.220000,0.634797
2.240000,-0.153267
2.260000,-0.210026
2.280000,0.325705
2.300000,0.055099
2.320000,-0.668395
2.340000,-0.489875
2.360000,0.166857
2.380000,0.216062
2.400000,-0.360270
2.420000,-0.452648
2.440000,0.484744
2.460000,0.985480
2.480000,0.300420
2.500000,-0.224965
2.520000,0.172402
2.540000,0.564030
2.560000,-0.040387
2.580000,-0.791343
2.600000,-0.437430
2.620000,0.211780
2.640000,-0.131181
2.660000,-0.886436
2.680000,-0.594754
2.700000,0.398918
2.720000,0.608168
2.740000,0.170670
2.760000,0.002742
2.780000,0.217457
2.800000,0.290257
2.820000,-0.178439
2.840000,-0.517680
2.860000,-0.164998
2.880000,0.253657
2.900000,-0.006293
2.920000,-0.625391
2.940000,-0.392817
2.960000,0.518577
2.980000,0.632506
3.000000,0.040427
3.020000,-0.034690
3.040000,0.460528
3.060000,0.367077
3.080000,-0.523999
3.100000,-0.684023
3.120000,0.259131
3.140000,0.580341
3.160000,-0.246633
3.180000,-0.692547
3.200000,-0.061882
3.220000,0.517979
3.240000,0.220926
3.260000,-0.122035
3.280000,0.303114
3.300000,0.612443
3.320000,-0.026413
3.340000,-0.686454
3.360000,-0.334965
3.380000,0.350664
3.400000,0.167318
3.420000,-0.416823
3.440000,-0.324024
3.460000,0.070026
3.480000,0.050772
3.500000,-0.128940
3.520000,0.085375
3.540000,0.498776
3.560000,0.378803
3.580000,-0.143896
3.600000,-0.350412
3.620000,-0.218551
3.640000,-0.106197
3.660000,-0.047873
3.680000,0.054045
3.700000,0.040544
3.720000,-0.093330
3.740000,-0.061272
3.760000,0.052072
3.780000,0.111355
3.800000,0.218304
3.820000,0.251181
3.840000,0.097020
3.860000,-0.158529
3.880000,-0.319613
3.900000,-0.136336
3.920000,0.172815
3.940000,0.130931
3.960000,-0.081998
3.980000,-0.061819
4.000000,0.057834
4.020000,0.050606
4.040000,-0.032170
4.060000,0.081366
4.080000,0.357929
4.100000,0.157090
4.120000,-0.413929
4.140000,-0.390080
4.160000,0.096458
4.180000,0.137375
4.200000,-0.166937
4.220000,-0.188072
4.240000,0.077400
4.260000,0.209165
4.280000,-0.059071
4.300000,-0.239675
4.320000,0.200636
4.340000,0.466901
4.360000,0.004231
4.380000,-0.331440
4.400000,-0.142246
4.420000,0.080694
4.440000,-0.038278
4.460000,-0.202270
4.480000,0.164373
4.500000,0.522499
4.520000,0.080080
4.540000,-0.451011
4.560000,-0.095452
4.580000,0.529953
4.600000,0.270417
4.620000,-0.341455
4.640000,-0.246720
4.660000,0.064667
4.680000,-0.149350
4.700000,-0.509996
4.720000,-0.245823
4.740000,0.381117
4.760000,0.329694
4.780000,-0.203783
4.800000,-0.232183
4.820000,0.114841
4.840000,0.119851
4.860000,-0.081604
4.880000,0.048819
4.900000,0.238018
4.920000,0.043452
4.940000,-0.277081
4.960000,-0.270079
4.980000,0.095394
5.000000,0.358897
5.020000,0.298229
5.040000,0.083097
5.060000,-0.154834
5.080000,-0.133549
5.100000,0.066590
5.120000,-0.050632
5.140000,-0.217277
5.160000,0.023825
5.180000,0.278158
5.200000,0.083124
5.220000,-0.370100
5.240000,-0.301638
5.260000,0.382679
5.280000,0.438322
5.300000,-0.251195
5.320000,-0.327195
5.340000,0.260960
5.360000,0.349447
5.380000,-0.229823
5.400000,-0.289830
5.420000,0.398694
5.440000,0.407168
5.460000,-0.422689
5.480000,-0.663604
5.500000,0.022530
5.520000,0.473770
5.540000,0.083108
5.560000,-0.171634
5.580000,0.242208
5.600000,0.451220
5.620000,-0.083834
5.640000,-0.622820
5.660000,-0.125211
5.680000,0.596086
5.700000,0.104141
5.720000,-0.636290
5.740000,-0.357432
5.760000,0.285942
5.780000,0.255577
5.800000,-0.292425
5.820000,-0.182294
5.840000,0.470436
5.860000,0.384787
5.880000,-0.276120
5.900000,-0.527152
5.920000,-0.073472
5.940000,0.450996
5.960000,0.160078
5.980000,-0.464634
6.000000,-0.395044
6.020000,0.093070
6.040000,0.143646
6.060000,-0.216802
6.080000,-0.149512
6.100000,0.443410
6.120000,0.565664
6.140000,-0.132924
6.160000,-0.603076
6.180000,0.034884
6.200000,0.736918
6.220000,0.149450
6.240000,-0.685571
6.260000,-0.251964
6.280000,0.614199
6.300000,0.291262
6.320000,-0.686436
6.340000,-0.347817
6.360000,0.900762
6.380000,0.780629
6.400000,-0.532888
6.420000,-0.858510
6.440000,0.243719
6.460000,0.809937
6.480000,-0.213583
6.500000,-0.880796
6.520000,0.129850
6.540000,0.871952
6.560000,-0.145096
6.580000,-1.111147
6.600000,-0.160058
6.620000,1.208048
6.640000,0.630460
6.660000,-0.885983
6.680000,-0.610528
6.700000,0.843553
6.720000,0.666136
6.740000,-0.683906
6.760000,-0.655460
6.780000,0.581662
6.800000,0.787634
6.820000,-0.574626
6.840000,-1.214384
6.860000,0.202916
6.880000,1.194505
6.900000,0.048606
6.920000,-1.013298
6.940000,-0.193587
6.960000,0.927946
6.980000,0.231425
7.000000,-1.138741
7.020000,-0.613494
7.040000,0.839801
7.060000,0.592677
7.080000,-0.777561
7.100000,-0.839176
7.120000,0.526624
7.140000,0.948731
7.160000,-0.238824
7.180000,-0.776395
7.200000,0.197824
7.220000,0.794330
7.240000,-0.089269
7.260000,-0.910751
7.280000,-0.066982
7.300000,1.057778
7.320000,0.418860
7.340000,-0.847916
7.360000,-0.461815
7.380000,0.909924
7.400000,0.762339
7.420000,-0.591821
7.440000,-0.552015
7.460000,0.627583
7.480000,0.597174
7.500000,-0.629538
7.520000,-0.990709
7.540000,0.255400
7.560000,0.973358
7.580000,-0.287530
7.600000,-1.134600
7.620000,0.116180
7.640000,1.198881
7.660000,0.312877
7.680000,-0.847656
7.700000,-0.193153
7.720000,1.036830
7.740000,0.430116
7.760000,-1.081362
7.780000,-0.898411
7.800000,0.641440
7.820000,0.840266
7.840000,-0.575395
7.860000,-0.822439
7.880000,0.591516
7.900000,0.984350
7.920000,-0.289469
7.940000,-0.884762
7.960000,0.170142
7.980000,0.835657
8.000000,-0.211551
8.020000,-1.189180
8.040000,-0.363674
8.060000,0.810369
8.080000,0.228458
8.100000,-0.897473
8.120000,-0.393511
8.140000,0.826619
8.160000,0.711273
8.180000,-0.455377
8.200000,-0.587558
8.220000,0.598477
8.240000,0.714475
8.260000,-0.599141
8.280000,-0.817677
8.300000,0.283604
8.320000,0.666021
8.340000,-0.141846
8.360000,-0.754463
8.380000,0.046458
8.400000,0.999793
8.420000,0.344510
8.440000,-0.563536
8.460000,-0.068044
8.480000,0.781946
8.500000,0.404758
8.520000,-0.685015
8.540000,-0.608486
8.560000,0.402722
8.580000,0.344645
8.600000,-0.660729
8.620000,-0.685061
8.640000,0.453670
8.660000,0.865727
8.680000,-0.029647
8.700000,-0.535664
8.720000,0.157107
8.740000,0.699874
8.760000,0.084774
8.780000,-0.685747
8.800000,-0.317585
8.820000,0.446428
8.840000,0.095611
8.860000,-0.759356
8.880000,-0.604542
8.900000,0.299655
8.920000,0.601500
8.940000,-0.098628
8.960000,-0.511198
8.980000,0.133264
9.000000,0.587062
9.020000,0.146571
9.040000,-0.328497
9.060000,-0.102656
9.080000,0.401154
9.100000,0.186970
9.120000,-0.446640
9.140000,-0.434764
9.160000,0.111696
9.180000,0.406295
9.200000,0.101076
9.220000,-0.345426
9.240000,-0.116820
9.260000,0.480162
9.280000,0.242162
9.300000,-0.497019
9.320000,-0.281107
9.340000,0.428562
9.360000,0.175837
9.380000,-0.595294
9.400000,-0.513588
9.420000,0.315287
9.440000,0.517152
9.460000,-0.125366
9.480000,-0.211254
9.500000,0.524505
9.520000,0.635931
9.540000,-0.261584
9.560000,-0.664145
9.580000,0.071144
9.600000,0.499252
9.620000,-0.085836
9.640000,-0.546008
9.660000,-0.170989
9.680000,0.355500
9.700000,0.203171
9.720000,-0.177552
9.740000,0.069316
9.760000,0.564020
9.780000,0.436498
9.800000,-0.272984
9.820000,-0.498002
9.840000,0.051494
9.860000,0.188604
9.880000,-0.343774
9.900000,-0.541315
9.920000,-0.089744
9.940000,0.298148
9.960000,0.039528
9.980000,-0.329602
10.000000,-0.058664
10.020000,0.468130
10.040000,0.357686
10.060000,-0.207163
10.080000,-0.304520
10.100000,-0.000510
10.120000,0.003094
10.140000,-0.358877
10.160000,-0.470481
10.180000,0.055974
10.200000,0.462100
10.220000,0.080580
10.240000,-0.241379
10.260000,0.261852
10.280000,0.737863
10.300000,0.350855
10.320000,-0.196569
10.340000,-0.064054
10.360000,0.302454
10.380000,-0.003903
10.400000,-0.641083
10.420000,-0.466386
10.440000,0.199560
10.460000,0.191304
10.480000,-0.246254
10.500000,-0.146217
10.520000,0.372807
10.540000,0.455872
10.560000,0.015188
10.580000,-0.138707
10.600000,0.263209
10.620000,0.287705
10.640000,-0.359267
10.660000,-0.575003
10.680000,-0.157008
10.700000,0.057124
10.720000,-0.119515
10.740000,-0.249445
10.760000,0.102602
10.780000,0.440099
10.800000,0.097083
10.820000,-0.161262
10.840000,0.240458
10.860000,0.504025
10.880000,0.096840
10.900000,-0.433483
10.920000,-0.475602
10.940000,-0.254075
10.960000,-0.193653
10.980000,-0.225717
11.000000,-0.071459
11.020000,0.279371
11.040000,0.334332
11.060000,0.000992
11.080000,-0.025052
11.100000,0.344699
11.120000,0.426151
11.140000,0.020817
11.160000,-0.325749
11.180000,-0.183538
11.200000,-0.023341
11.220000,-0.246952
11.240000,-0.264531
11.260000,0.145727
11.280000,0.452506
11.300000,0.291184
11.320000,-0.151402
11.340000,-0.121455
11.360000,0.332223
11.380000,0.334878
11.400000,-0.121530
11.420000,-0.359247
11.440000,-0.116412
11.460000,-0.114938
11.480000,-0.543017
11.500000,-0.313941
11.520000,0.382906
11.540000,0.482430
11.560000,0.123674
11.580000,-0.125741
11.600000,-0.017612
11.620000,0.204268
11.640000,0.124358
11.660000,-0.064609
11.680000,-0.084040
11.700000,-0.130550
11.720000,-0.246263
11.740000,-0.204005
11.760000,-0.051157
11.780000,0.092206
11.800000,0.258355
11.820000,0.344921
11.840000,0.101429
11.860000,-0.232123
11.880000,-0.049333
11.900000,0.270839
11.920000,0.086633
11.940000,-0.181241
11.960000,-0.146253
11.980000,-0.030530
12.000000,-0.146320
12.020000,-0.306538
12.040000,0.087002
12.060000,0.609051
12.080000,0.300897
12.100000,-0.375059
12.120000,-0.338185
12.140000,0.201058
12.160000,0.236934
12.180000,-0.325819
12.200000,-0.439570
12.220000,0.163109
12.240000,0.156169
12.260000,-0.578021
12.280000,-0.486746
12.300000,0.450026
12.320000,0.870985
12.340000,0.362674
12.360000,-0.230648
12.380000,-0.152243
12.400000,0.119395
12.420000,-0.089758
12.440000,-0.378626
12.460000,-0.074230
12.480000,0.418354
12.500000,0.132396
12.520000,-0.576302
12.540000,-0.422503
12.560000,0.432262
12.580000,0.574787
12.600000,-0.053396
12.620000,-0.227085
12.640000,0.142903
12.660000,0.145966
12.680000,-0.326179
12.700000,-0.406883
12.720000,0.200939
12.740000,0.436621
12.760000,-0.118531
12.780000,-0.347122
12.800000,0.147664
12.820000,0.472815
12.840000,0.190926
12.860000,-0.062912
12.880000,0.190735
12.900000,0.322275
12.920000,-0.080247
12.940000,-0.393232
12.960000,-0.261468
12.980000,-0.009954
13.000000,-0.048895
13.020000,-0.277088
13.040000,-0.201842
13.060000,0.037395
13.080000,0.088127
13.100000,0.089215
13.120000,0.131085
13.140000,0.205576
13.160000,0.171502
13.180000,-0.155126
13.200000,-0.409040
13.220000,-0.255275
13.240000,-0.003070
13.260000,0.019854
13.280000,-0.124364
13.300000,-0.170614
13.320000,-0.030697
13.340000,0.107777
13.360000,0.159033
13.380000,0.196183
13.400000,0.298469
13.420000,0.345728
13.440000,0.051990
13.460000,-0.318481
13.480000,-0.254150
13.500000,0.004604
13.520000,0.025585
13.540000,-0.080435
13.560000,-0.072392
13.580000,0.113475
13.600000,0.314237
13.620000,0.207603
13.640000,-0.019846
13.660000,0.167608
13.680000,0.374640
13.700000,-0.079507
13.720000,-0.632515
13.740000,-0.468815
13.760000,0.092718
13.780000,0.148892
13.800000,-0.302921
13.820000,-0.243409
13.840000,0.351756
13.860000,0.403108
13.880000,-0.080958
13.900000,-0.149684
13.920000,0.374606
13.940000,0.579908
13.960000,-0.132451
13.980000,-0.752375
14.000000,-0.317042
14.020000,0.238324
14.040000,-0.034179
14.060000,-0.403170
14.080000,-0.017674
14.100000,0.578237
14.120000,0.388823
14.140000,-0.210054
14.160000,-0.152214
14.180000,0.346460
14.200000,0.419061
14.220000,-0.043075
14.240000,-0.430643
14.260000,-0.283381
14.280000,-0.100297
14.300000,-0.348889
14.320000,-0.416673
14.340000,0.122455
14.360000,0.547897
14.380000,0.231230
14.400000,-0.224188
14.420000,-0.039092
14.440000,0.433934
14.460000,0.345193
14.480000,-0.223742
14.500000,-0.364991
14.520000,-0.094399
14.540000,-0.151173
14.560000,-0.352578
14.580000,-0.235726
14.600000,0.111176
14.620000,0.369901
14.640000,0.300580
14.660000,0.108020
14.680000,0.082717
14.700000,0.131786
14.720000,0.055380
14.740000,-0.068438
14.760000,-0.090629
14.780000,-0.121728
14.800000,-0.226028
14.820000,-0.328611
14.840000,-0.204365
14.860000,0.175521
14.880000,0.367958
14.900000,0.310579
14.920000,0.176381
14.940000,0.008211
14.960000,-0.043540
14.980000,-0.049254
15.000000,-0.022660
15.020000,0.020167
15.040000,-0.095388
15.060000,-0.242357
15.080000,-0.309477
15.100000,-0.218505
15.120000,0.039929
15.140000,0.175970
15.160000,0.213430
15.180000,0.359133
15.200000,0.394863
15.220000,0.091491
15.240000,-0.194916
15.260000,-0.070884
15.280000,0.129643
15.300000,0.027372
15.320000,-0.242945
15.340000,-0.383322
15.360000,-0.194569
15.380000,0.064841
15.400000,0.119867
15.420000,0.169895
15.440000,0.307241
15.460000,0.362344
15.480000,0.075859
15.500000,-0.411243
15.520000,-0.382735
15.540000,0.120904
15.560000,0.247189
15.580000,-0.123278
15.600000,-0.373210
15.620000,-0.198648
15.640000,0.001267
15.660000,-0.155738
15.680000,-0.084149
15.700000,0.471499
15.720000,0.472527
15.740000,-0.179677
15.760000,-0.486963
15.780000,-0.220187
15.800000,0.178476
15.820000,0.079606
15.840000,-0.306611
15.860000,-0.163190
15.880000,0.192918
15.900000,0.108117
15.920000,-0.205060
15.940000,-0.050034
15.960000,0.597444
15.980000,0.648825
16.000000,-0.157435
16.020000,-0.562143
16.040000,-0.016560
16.060000,0.353964
16.080000,-0.147192
16.100000,-0.487369
16.120000,0.029994
16.140000,0.515234
16.160000,0.171252
16.180000,-0.366762
16.200000,-0.001997
16.220000,0.741260
16.240000,0.451761
16.260000,-0.391907
16.280000,-0.487972
16.300000,-0.052835
16.320000,0.075347
16.340000,-0.246988
16.360000,-0.220709
16.380000,0.420149
16.400000,0.492165
16.420000,-0.196721
16.440000,-0.458125
16.460000,0.048886
16.480000,0.486835
16.500000,0.162123
16.520000,-0.359089
16.540000,-0.360564
16.560000,-0.072367
16.580000,-0.016595
16.600000,-0.294687
16.620000,-0.246399
16.640000,0.217516
16.660000,0.324598
16.680000,0.023456
16.700000,-0.295981
16.720000,-0.164094
16.740000,0.405385
16.760000,0.402866
16.780000,-0.221135
16.800000,-0.414933
16.820000,-0.057753
16.840000,0.089415
16.860000,-0.165533
16.880000,-0.172429
16.900000,0.259050
16.920000,0.510898
16.940000,0.180696
16.960000,-0.212386
16.980000,0.093700
17.000000,0.468737
17.020000,0.063255
17.040000,-0.367183
17.060000,-0.146028
17.080000,0.163260
17.100000,-0.136979
17.120000,-0.630754
17.140000,-0.235157
17.160000,0.583347
17.180000,0.398156
17.200000,-0.351886
17.220000,-0.266673
17.240000,0.324838
17.260000,0.269009
17.280000,-0.321123
17.300000,-0.412062
17.320000,0.223980
17.340000,0.418594
17.360000,-0.235447
17.380000,-0.558501
17.400000,-0.043545
17.420000,0.531961
17.440000,0.293158
17.460000,-0.335854
17.480000,-0.096831
17.500000,0.600605
17.520000,0.389872
17.540000,-0.459702
17.560000,-0.480902
17.580000,0.385682
17.600000,0.488211
17.620000,-0.368779
17.640000,-0.559088
17.660000,0.221020
17.680000,0.560082
17.700000,-0.063767
17.720000,-0.346406
17.740000,0.256952
17.760000,0.503863
17.780000,-0.151633
17.800000,-0.706425
17.820000,-0.233587
17.840000,0.463220
17.860000,-0.013297
17.880000,-0.809947
17.900000,-0.409271
17.920000,0.425992
17.940000,0.383947
17.960000,-0.167782
17.980000,-0.144445
18.000000,0.401450
18.020000,0.427749
18.040000,-0.197512
18.060000,-0.445322
18.080000,0.097268
18.100000,0.451348
18.120000,-0.138272
18.140000,-0.630171
18.160000,-0.122290
18.180000,0.416544
18.200000,0.226929
18.220000,-0.209724
18.240000,-0.139668
18.260000,0.458409
18.280000,0.435189
18.300000,-0.311814
18.320000,-0.445560
18.340000,0.083947
18.360000,0.415461
18.380000,0.190788
18.400000,-0.356862
18.420000,-0.294750
18.440000,0.364889
18.460000,0.312569
18.480000,-0.399223
18.500000,-0.321143
18.520000,0.533144
18.540000,0.431391
18.560000,-0.662434
18.580000,-0.642185
18.600000,0.451699
18.620000,0.565304
18.640000,-0.303740
18.660000,-0.583392
18.680000,0.064799
18.700000,0.520142
18.720000,0.065007
18.740000,-0.448087
18.760000,0.014567
18.780000,0.685635
18.800000,0.180510
18.820000,-0.648505
18.840000,-0.331917
18.860000,0.277544
18.880000,0.091080
18.900000,-0.307760
18.920000,-0.214087
18.940000,0.148192
18.960000,0.213235
18.980000,0.014171
19.000000,-0.041785
19.020000,0.176919
19.040000,0.428371
19.060000,0.170600
19.080000,-0.369467
19.100000,-0.400415
19.120000,-0.029940
19.140000,0.218929
19.160000,0.030256
19.180000,-0.208150
19.200000,0.144226
19.220000,0.396524
19.240000,0.025152
19.260000,-0.201675
19.280000,0.101859
19.300000,0.332832
19.320000,-0.201921
19.340000,-0.827869
19.360000,-0.389914
19.380000,0.378003
19.400000,0.185189
19.420000,-0.325599
19.440000,0.022552
19.460000,0.600207
19.480000,0.367591
19.500000,-0.201155
19.520000,-0.217017
19.540000,0.242837
19.560000,0.332380
19.580000,-0.264432
19.600000,-0.673637
19.620000,-0.283845
19.640000,0.205266
19.660000,0.046372
19.680000,-0.257241
19.700000,0.152001
19.720000,0.688459
19.740000,0.294653
19.760000,-0.308230
19.780000,-0.032062
19.800000,0.569482
19.820000,0.401020
19.840000,-0.461621
19.860000,-0.668262
19.880000,0.047005
19.900000,0.268793
19.920000,-0.295494
19.940000,-0.534701
19.960000,0.079109
19.980000,0.569219
20.000000,-0.044018
20.020000,-0.585449
20.040000,0.054887
20.060000,0.697029
20.080000,0.232419
20.100000,-0.585162
20.120000,-0.430237
20.140000,0.308620
20.160000,0.152699
20.180000,-0.538571
20.200000,-0.368775
20.220000,0.445909
20.240000,0.556690
20.260000,-0.269624
20.280000,-0.507481
20.300000,0.390088
20.320000,0.762803
20.340000,0.023345
20.360000,-0.502467
20.380000,-0.118499
20.400000,0.401825
20.420000,0.073972
20.440000,-0.502801
20.460000,-0.106904
20.480000,0.605242
20.500000,0.333623
20.520000,-0.348405
20.540000,-0.101764
20.560000,0.589165
20.580000,0.399058
20.600000,-0.290780
20.620000,-0.339310
20.640000,0.109632
20.660000,0.051562
20.680000,-0.480052
20.700000,-0.408403
20.720000,0.220519
20.740000,0.407275
20.760000,-0.023051
20.780000,-0.359192
20.800000,-0.070660
20.820000,0.288889
20.840000,0.060892
20.860000,-0.345226
20.880000,-0.320479
20.900000,-0.010055
20.920000,-0.042456
20.940000,-0.411135
20.960000,-0.388338
20.980000,0.170860
21.000000,0.540859
21.020000,0.253821
21.040000,-0.178280
21.060000,-0.086321
21.080000,0.318396
21.100000,0.198237
21.120000,-0.334136
21.140000,-0.131014
21.160000,0.482903
21.180000,0.233850
21.200000,-0.486823
21.220000,-0.428951
21.240000,0.462193
21.260000,0.731658
21.280000,-0.089141
21.300000,-0.359095
21.320000,0.290609
21.340000,0.452177
21.360000,-0.173068
21.380000,-0.564748
21.400000,-0.035229
21.420000,0.556983
21.440000,0.081157
21.460000,-0.708030
21.480000,-0.360145
21.500000,0.669118
21.520000,0.573954
21.540000,-0.433912
21.560000,-0.401897
21.580000,0.501503
21.600000,0.438597
21.620000,-0.635379
21.640000,-0.801897
21.660000,0.320190
21.680000,0.597617
21.700000,-0.435981
21.720000,-0.828018
21.740000,0.029730
21.760000,0.661778
21.780000,0.095511
21.800000,-0.462465
21.820000,0.043613
21.840000,0.554506
21.860000,0.131518
21.880000,-0.540844
21.900000,-0.366498
21.920000,0.367602
21.940000,0.328954
21.960000,-0.373760
21.980000,-0.389608
22.000000,0.325126
22.020000,0.513379
22.040000,-0.081996
22.060000,-0.359059
22.080000,0.232354
22.100000,0.803186
22.120000,0.269734
22.140000,-0.640864
22.160000,-0.327330
22.180000,0.545603
22.200000,0.211878
22.220000,-0.714773
22.240000,-0.461151
22.260000,0.505775
22.280000,0.435618
22.300000,-0.452351
22.320000,-0.499509
22.340000,0.410178
22.360000,0.621426
22.380000,-0.266281
22.400000,-0.541337
22.420000,0.257285
22.440000,0.552780
22.460000,-0.231218
22.480000,-0.801216
22.500000,-0.133103
22.520000,0.655466
22.540000,0.203132
22.560000,-0.451133
22.580000,-0.063253
22.600000,0.557003
22.620000,0.288481
22.640000,-0.420392
22.660000,-0.318194
22.680000,0.315327
22.700000,0.195065
22.720000,-0.401695
22.740000,-0.398356
22.760000,0.085857
22.780000,0.205922
22.800000,-0.143779
22.820000,-0.230905
22.840000,0.141340
22.860000,0.347820
22.880000,0.122079
22.900000,-0.160850
22.920000,-0.124858
22.940000,0.132887
22.960000,0.156976
22.980000,-0.126676
23.000000,-0.289736
23.020000,-0.088975
23.040000,0.205292
23.060000,0.162742
23.080000,-0.080701
23.100000,-0.001133
23.120000,0.308260
23.140000,0.233284
23.160000,-0.197852
23.180000,-0.214466
23.200000,0.228768
23.220000,0.361797
23.240000,-0.021211
23.260000,-0.375940
23.280000,-0.141710
23.300000,0.259265
23.320000,0.016095
23.340000,-0.395556
23.360000,-0.168891
23.380000,0.348401
23.400000,0.269166
23.420000,-0.345914
23.440000,-0.351770
23.460000,0.288485
23.480000,0.352080
23.500000,-0.209403
23.520000,-0.455250
23.540000,-0.081786
23.560000,0.308537
23.580000,0.018015
23.600000,-0.385787
23.620000,0.000596
23.640000,0.550503
23.660000,0.301381
23.680000,-0.378878
23.700000,-0.295719
23.720000,0.515374
23.740000,0.525501
23.760000,-0.275828
23.780000,-0.460056
23.800000,-0.029971
23.820000,0.122768
23.840000,-0.153454
23.860000,-0.276551
23.880000,0.121830
23.900000,0.440044
23.920000,0.109403
23.940000,-0.348136
23.960000,-0.209285
23.980000,0.196841
24.000000,0.156665
24.020000,-0.173438
24.040000,-0.198284
24.060000,0.119210
24.080000,0.160870
24.100000,-0.152622
24.120000,-0.126625
24.140000,0.229597
24.160000,0.391912
24.180000,0.111463
24.200000,-0.293446
24.220000,-0.105234
24.240000,0.224209
24.260000,-0.082042
24.280000,-0.438244
24.300000,-0.229082
24.320000,0.199785
24.340000,0.159468
24.360000,-0.184091
24.380000,-0.044481
24.400000,0.325074
24.420000,0.271443
24.440000,-0.020295
24.460000,-0.116730
24.480000,-0.011705
24.500000,0.037828
24.520000,-0.055183
24.540000,-0.176752
24.560000,-0.062329
24.580000,0.184034
24.600000,0.092458
24.620000,-0.078994
24.640000,0.010376
24.660000,0.150630
24.680000,0.286659
24.700000,0.181382
24.720000,-0.205478
24.740000,-0.309138
24.760000,-0.124991
24.780000,-0.161223
24.800000,-0.380149
24.820000,-0.254810
24.840000,0.173214
24.860000,0.272242
24.880000,0.008573
24.900000,-0.103279
24.920000,0.139946
24.940000,0.308788
24.960000,0.012529
24.980000,-0.237804
25.000000,-0.011988
25.020000,0.172221
25.040000,-0.092027
25.060000,-0.339615
25.080000,-0.040085
25.100000,0.365338
25.120000,0.194222
25.140000,-0.170033
25.160000,-0.022452
25.180000,0.365203
25.200000,0.338800
25.220000,-0.026640
25.240000,-0.140093
25.260000,0.098756
25.280000,0.073090
25.300000,-0.329494
25.320000,-0.418782
25.340000,0.038395
25.360000,0.415419
25.380000,0.126598
25.400000,-0.257588
25.420000,-0.018962
25.440000,0.295096
25.460000,0.129947
25.480000,-0.221918
25.500000,-0.171198
25.520000,0.204584
25.540000,0.118481
25.560000,-0.288540
25.580000,-0.353710
25.600000,-0.090251
25.620000,0.140840
25.640000,-0.030211
25.660000,-0.246307
25.680000,0.012040
25.700000,0.238686
25.720000,0.026850
25.740000,-0.203278
25.760000,-0.081831
25.780000,0.254991
25.800000,0.124184
25.820000,-0.500773
25.840000,-0.368255
25.860000,0.357674
25.880000,0.293015
25.900000,-0.181170
25.920000,-0.244755
25.940000,0.061743
25.960000,0.343936
25.980000,0.121536
26.000000,-0.057288
26.020000,0.254688
26.040000,0.456173
26.060000,0.188432
26.080000,-0.306410
26.100000,-0.301739
26.120000,0.127149
26.140000,0.086509
26.160000,-0.234087
26.180000,-0.185590
26.200000,0.200453
26.220000,0.313487
26.240000,-0.106092
26.260000,-0.258503
26.280000,0.209698
26.300000,0.513926
26.320000,0.099845
26.340000,-0.454215
26.360000,-0.343794
26.380000,0.090440
26.400000,0.121729
26.420000,-0.234526
26.440000,-0.283173
26.460000,0.266900
26.480000,0.410854
26.500000,-0.215492
26.520000,-0.451188
26.540000,0.152477
26.560000,0.584455
26.580000,0.035035
26.600000,-0.568385
26.620000,-0.251580
26.640000,0.149919
26.660000,0.002707
26.680000,-0.255236
26.700000,-0.155221
26.720000,0.320288
26.740000,0.307314
26.760000,-0.296661
26.780000,-0.356043
26.800000,0.124179
26.820000,0.253058
26.840000,-0.074106
26.860000,-0.210423
26.880000,0.105054
26.900000,0.218139
26.920000,-0.106891
26.940000,-0.278104
26.960000,0.097536
26.980000,0.564028
27.000000,0.358112
27.020000,-0.154213
27.040000,-0.275423
27.060000,-0.040320
27.080000,0.229753
27.100000,0.026624
27.120000,-0.234508
27.140000,0.073057
27.160000,0.261385
27.180000,0.002466
27.200000,-0.279606
27.220000,-0.084717
27.240000,0.505498
27.260000,0.359041
27.280000,-0.305793
27.300000,-0.393729
27.320000,-0.146448
27.340000,0.058964
27.360000,-0.061203
27.380000,-0.310495
27.400000,0.019055
27.420000,0.314006
27.440000,0.020913
27.460000,-0.177285
27.480000,0.106936
27.500000,0.489161
27.520000,0.263325
27.540000,-0.346359
27.560000,-0.398707
27.580000,-0.057595
27.600000,0.058343
27.620000,-0.170359
27.640000,-0.422009
27.660000,-0.029693
27.680000,0.505454
27.700000,0.106158
27.720000,-0.454961
27.740000,0.007501
27.760000,0.744518
27.780000,0.416937
27.800000,-0.478124
27.820000,-0.461583
27.840000,0.117315
27.860000,-0.023348
27.880000,-0.448242
27.900000,-0.119226
27.920000,0.533938
27.940000,0.359317
27.960000,-0.426074
27.980000,-0.312063
28.000000,0.609248
28.020000,0.661072
28.040000,-0.145849
28.060000,-0.392488
28.080000,0.105853
28.100000,0.103905
28.120000,-0.589349
28.140000,-0.434057
28.160000,0.452398
28.180000,0.464750
28.200000,-0.141748
28.220000,-0.251310
28.240000,0.260398
28.260000,0.569940
28.280000,0.103326
28.300000,-0.217898
28.320000,0.126443
28.340000,0.192642
28.360000,-0.355440
28.380000,-0.692130
28.400000,-0.202136
28.420000,0.444299
28.440000,0.209922
28.460000,-0.423500
28.480000,-0.316936
28.500000,0.225115
28.520000,0.272211
28.540000,0.028057
28.560000,0.061607
28.580000,0.203051
28.600000,0.046738
28.620000,-0.440809
28.640000,-0.688670
28.660000,-0.254426
28.680000,0.246430
28.700000,0.226834
28.720000,0.026271
28.740000,0.057939
28.760000,0.306444
28.780000,0.360278
28.800000,0.065119
28.820000,0.008421
28.840000,0.260147
28.860000,0.097304
28.880000,-0.476693
28.900000,-0.620723
28.920000,-0.080172
28.940000,0.256122
28.960000,-0.106197
28.980000,-0.302409
29.000000,0.181955
29.020000,0.561295
29.040000,0.214166
29.060000,-0.235324
29.080000,-0.003860
29.100000,0.422137
29.120000,0.133824
29.140000,-0.541273
29.160000,-0.508186
29.180000,0.126940
29.200000,0.300095
29.220000,-0.004543
29.240000,-0.073716
29.260000,0.324319
29.280000,0.587432
29.300000,0.023162
29.320000,-0.491406
29.340000,0.023269
29.360000,0.597320
29.380000,0.061548
29.400000,-0.967547
29.420000,-0.827732
29.440000,0.335263
29.460000,0.510763
29.480000,-0.381818
29.500000,-0.349238
29.520000,0.728731
29.540000,0.789983
29.560000,-0.362804
29.580000,-0.632422
29.600000,0.369560
29.620000,0.752389
29.640000,-0.310018
29.660000,-1.176275
29.680000,-0.472207
29.700000,0.526240
29.720000,0.212472
29.740000,-0.563013
29.760000,-0.111625
29.780000,0.912569
29.800000,0.613620
29.820000,-0.477042
29.840000,-0.421336
29.860000,0.588267
29.880000,0.701760
29.900000,-0.443300
29.920000,-1.022205
29.940000,-0.215791
29.960000,0.437704
29.980000,-0.021078
30.000000,-0.559060
30.020000,0.075539
30.040000,1.068462
30.060000,0.491779
30.080000,-0.799057
30.100000,-0.517129
30.120000,0.638684
30.140000,0.580540
30.160000,-0.512649
30.180000,-0.733245
30.200000,0.291451
30.220000,0.670407
30.240000,-0.264512
30.260000,-0.704252
30.280000,0.345062
30.300000,1.167863
30.320000,0.209822
30.340000,-0.930504
30.360000,-0.338663
30.380000,0.713027
30.400000,0.225869
30.420000,-1.054106
30.440000,-0.815531
30.460000,0.657274
30.480000,0.586385
30.500000,-0.886279
30.520000,-0.788489
30.540000,0.898875
30.560000,1.339989
30.580000,-0.081993
30.600000,-0.851155
30.620000,0.196987
30.640000,0.802471
30.660000,-0.291207
30.680000,-1.031771
30.700000,-0.078989
30.720000,0.853330
30.740000,0.077947
30.760000,-0.979749
30.780000,-0.278300
30.800000,1.034731
30.820000,0.754857
30.840000,-0.486353
30.860000,-0.445878
30.880000,0.681478
30.900000,0.631478
30.920000,-0.596674
30.940000,-0.844116
30.960000,0.228728
30.980000,0.649418
31.000000,-0.449139
31.020000,-1.050398
31.040000,0.166229
31.060000,1.114080
31.080000,0.200713
31.100000,-0.826102
31.120000,-0.197797
31.140000,0.810021
31.160000,0.128982
31.180000,-1.197101
31.200000,-0.742368
31.220000,0.659525
31.240000,0.473087
31.260000,-0.779350
31.280000,-0.595468
31.300000,0.793381
31.320000,0.922254
31.340000,-0.250026
31.360000,-0.441178
31.380000,0.623408
31.400000,0.882615
31.420000,-0.246013
31.440000,-0.925675
31.460000,-0.110112
31.480000,0.672694
31.500000,0.064495
31.520000,-0.652900
31.540000,-0.134929
31.560000,0.650531
31.580000,0.387005
31.600000,-0.466468
31.620000,-0.355634
31.640000,0.590578
31.660000,0.554313
31.680000,-0.452875
31.700000,-0.703885
31.720000,0.126610
31.740000,0.659167
31.760000,0.029133
31.780000,-0.725097
31.800000,-0.271732
31.820000,0.680061
31.840000,0.402964
31.860000,-0.651518
31.880000,-0.524623
31.900000,0.487933
31.920000,0.525949
31.940000,-0.473001
31.960000,-0.856349
31.980000,0.062048
32.000000,0.780062
32.020000,0.118963
32.040000,-0.671790
32.060000,-0.109108
32.080000,0.815833
32.100000,0.367910
32.120000,-0.543659
32.140000,-0.217390
32.160000,0.642949
32.180000,0.471471
32.200000,-0.566917
32.220000,-0.716365
32.240000,0.220905
32.260000,0.451734
32.280000,-0.184031
32.300000,-0.458931
32.320000,-0.005316
32.340000,0.478215
32.360000,0.057126
32.380000,-0.570699
32.400000,-0.140448
32.420000,0.621304
32.440000,0.328014
32.460000,-0.592034
32.480000,-0.541309
32.500000,0.363284
32.520000,0.453556
32.540000,-0.343329
32.560000,-0.491251
32.580000,0.322031
32.600000,0.581573
32.620000,-0.270539
32.640000,-0.627042
32.660000,0.309236
32.680000,0.965380
32.700000,0.172072
32.720000,-0.664707
32.740000,-0.092311
32.760000,0.621504
32.780000,0.084355
32.800000,-0.637381
32.820000,-0.238187
32.840000,0.604837
32.860000,0.332775
32.880000,-0.660633
32.900000,-0.541977
32.920000,0.382987
32.940000,0.541454
32.960000,-0.084594
32.980000,-0.440585
33.000000,0.043253
33.020000,0.480745
33.040000,0.049545
33.060000,-0.469938
33.080000,-0.249309
33.100000,0.318078
33.120000,0.184691
33.140000,-0.491555
33.160000,-0.454267
33.180000,0.209003
33.200000,0.430184
33.220000,-0.080294
33.240000,-0.446977
33.260000,0.039868
33.280000,0.477246
33.300000,0.107621
33.320000,-0.360785
33.340000,-0.099476
33.360000,0.554741
33.380000,0.321142
33.400000,-0.659511
33.420000,-0.681309
33.440000,0.330167
33.460000,0.683284
33.480000,0.001406
33.500000,-0.292245
33.520000,0.351017
33.540000,0.688120
33.560000,-0.071096
33.580000,-0.724265
33.600000,-0.068996
33.620000,0.694389
33.640000,0.072675
33.660000,-0.857326
33.680000,-0.458631
33.700000,0.563112
33.720000,0.478821
33.740000,-0.414219
33.760000,-0.400296
33.780000,0.438912
33.800000,0.434353
33.820000,-0.500305
33.840000,-0.654349
33.860000,0.339092
33.880000,0.754358
33.900000,-0.112071
33.920000,-0.773606
33.940000,-0.182653
33.960000,0.600948
33.980000,0.214011
34.000000,-0.592100
34.020000,-0.280953
34.040000,0.575139
34.060000,0.375755
34.080000,-0.562097
34.100000,-0.522000
34.120000,0.419683
34.140000,0.472333
34.160000,-0.399440
34.180000,-0.543212
34.200000,0.250810
34.220000,0.519202
34.240000,-0.175311
34.260000,-0.404751
34.280000,0.354587
34.300000,0.686806
34.320000,-0.026507
34.340000,-0.534535
34.360000,0.032401
34.380000,0.635241
34.400000,0.133562
34.420000,-0.620589
34.440000,-0.340046
34.460000,0.398644
34.480000,0.341238
34.500000,-0.287221
34.520000,-0.320787
34.540000,0.369970
34.560000,0.606856
34.580000,-0.066914
34.600000,-0.492170
34.620000,-0.006305
34.640000,0.411163
34.660000,-0.078197
34.680000,-0.730383
34.700000,-0.364819
34.720000,0.450938
34.740000,0.297099
34.760000,-0.315811
34.780000,-0.193571
34.800000,0.256501
34.820000,0.262814
34.840000,-0.100522
34.860000,-0.167621
34.880000,0.240800
34.900000,0.237738
34.920000,-0.358056
34.940000,-0.542148
34.960000,-0.025200
34.980000,0.308019
35.000000,-0.052912
35.020000,-0.338605
35.040000,0.032845
35.060000,0.458519
35.080000,0.253250
35.100000,-0.305755
35.120000,-0.248575
35.140000,0.326376
35.160000,0.257067
35.180000,-0.362351
35.200000,-0.418464
35.220000,0.169903
35.240000,0.336636
35.260000,-0.212969
35.280000,-0.279397
35.300000,0.377623
35.320000,0.515005
35.340000,-0.034570
35.360000,-0.308973
35.380000,0.063154
35.400000,0.329042
35.420000,-0.128711
35.440000,-0.428119
35.460000,-0.001847
35.480000,0.277143
35.500000,0.000976
35.520000,-0.294043
35.540000,-0.037071
35.560000,0.456343
35.580000,0.314430
35.600000,-0.168096
35.620000,-0.137914
35.640000,0.190953
35.660000,0.108701
35.680000,-0.291401
35.700000,-0.336561
35.720000,-0.006433
35.740000,0.196210
35.760000,0.038284
35.780000,-0.151666
35.800000,0.091569
35.820000,0.379775
35.840000,0.207781
35.860000,-0.101913
35.880000,-0.101837
35.900000,0.154024
35.920000,0.038872
35.940000,-0.495283
35.960000,-0.523318
35.980000,0.011244
36.000000,0.151024
36.020000,-0.288310
36.040000,-0.363984
36.060000,0.275278
36.080000,0.466313
36.100000,-0.210806
36.120000,-0.399243
36.140000,0.282899
36.160000,0.486633
36.180000,-0.155963
36.200000,-0.451327
36.220000,-0.017099
36.240000,0.234615
36.260000,-0.007909
36.280000,-0.093951
36.300000,0.209875
36.320000,0.349848
36.340000,0.108587
36.360000,0.012517
36.380000,0.198850
36.400000,0.187704
36.420000,-0.047105
36.440000,-0.107653
36.460000,-0.019284
36.480000,-0.096158
36.500000,-0.264749
36.520000,-0.215577
36.540000,-0.003083
36.560000,0.108285
36.580000,0.079757
36.600000,0.088488
36.620000,0.229271
36.640000,0.222429
36.660000,-0.093994
36.680000,-0.246859
36.700000,0.081482
36.720000,0.307244
36.740000,-0.109704
36.760000,-0.522558
36.780000,-0.306335
36.800000,0.032334
36.820000,0.084849
36.840000,0.009528
36.860000,0.044219
36.880000,0.201968
36.900000,0.112188
36.920000,-0.183622
36.940000,-0.155118
36.960000,0.164064
36.980000,0.151934
37.000000,-0.229826
37.020000,-0.368564
37.040000,-0.164156
37.060000,0.091793
37.080000,0.180253
37.100000,0.129280
37.120000,0.201838
37.140000,0.223376
37.160000,0.026338
37.180000,-0.186529
37.200000,-0.144644
37.220000,0.152474
37.240000,0.142455
37.260000,-0.088538
37.280000,-0.093325
37.300000,-0.067832
37.320000,-0.082249
37.340000,-0.179804
37.360000,-0.004737
37.380000,0.586155
37.400000,0.503680
37.420000,-0.185978
37.440000,-0.312934
37.460000,0.039613
37.480000,0.162676
37.500000,-0.142721
37.520000,-0.388115
37.540000,-0.175855
37.560000,0.027150
37.580000,-0.136737
37.600000,-0.237283
37.620000,0.084665
37.640000,0.420036
37.660000,0.289045
37.680000,0.004700
37.700000,-0.041108
37.720000,-0.026501
37.740000,-0.054877
37.760000,-0.031406
37.780000,-0.016056
37.800000,-0.041813
37.820000,-0.130677
37.840000,-0.259938
37.860000,-0.096940
37.880000,0.290404
37.900000,0.343735
37.920000,0.204368
37.940000,0.092160
37.960000,-0.146153
37.980000,-0.146844
38.000000,-0.022264
38.020000,-0.166753
38.040000,-0.127394
38.060000,0.106728
38.080000,0.114927
38.100000,-0.072785
38.120000,-0.135210
38.140000,0.222708
38.160000,0.481576
38.180000,0.204708
38.200000,-0.081591
38.220000,-0.066724
38.240000,-0.028615
38.260000,-0.250787
38.280000,-0.347326
38.300000,0.034417
38.320000,0.254347
38.340000,-0.056241
38.360000,-0.462882
38.380000,-0.359082
38.400000,0.209656
38.420000,0.305079
38.440000,-0.026305
38.460000,-0.025466
38.480000,0.053211
38.500000,-0.039722
38.520000,-0.177583
38.540000,-0.276568
38.560000,-0.047918
38.580000,0.280661
38.600000,0.198209
38.620000,-0.075991
38.640000,-0.063355
38.660000,0.227644
38.680000,0.299942
38.700000,0.030765
38.720000,-0.055314
38.740000,0.113520
38.760000,0.089777
38.780000,-0.224130
38.800000,-0.322401
38.820000,0.101049
38.840000,0.300611
38.860000,-0.112334
38.880000,-0.241060
38.900000,0.192385
38.920000,0.334451
38.940000,-0.042296
38.960000,-0.273211
38.980000,-0.019150
39.000000,0.285081
39.020000,0.010666
39.040000,-0.484856
39.060000,-0.241282
39.080000,0.348414
39.100000,0.226759
39.120000,-0.273203
39.140000,-0.140305
39.160000,0.356729
39.180000,0.228573
39.200000,-0.254308
39.220000,-0.210604
39.240000,0.276048
39.260000,0.321343
39.280000,-0.323441
39.300000,-0.516247
39.320000,0.074915
39.340000,0.318899
39.360000,-0.039061
39.380000,-0.256411
39.400000,0.075677
39.420000,0.356940
39.440000,-0.002918
39.460000,-0.270805
39.480000,-0.031914
39.500000,0.146895
39.520000,0.121917
39.540000,-0.028563
39.560000,-0.159288
39.580000,-0.031002
39.600000,0.095933
39.620000,-0.035701
39.640000,-0.210772
39.660000,-0.107681
39.680000,0.176709
39.700000,0.044613
39.720000,-0.316824
39.740000,-0.097432
39.760000,0.322084
39.780000,0.233888
39.800000,-0.115461
39.820000,-0.128487
39.840000,0.313300
39.860000,0.309309
39.880000,-0.282059
39.900000,-0.231172
39.920000,0.304388
39.940000,0.279420
39.960000,-0.218023
39.980000,-0.449288
40.000000,0.035418
40.020000,0.419895
40.040000,-0.059711
40.060000,-0.443376
40.080000,-0.018741
40.100000,0.428947
40.120000,0.116251
40.140000,-0.417183
40.160000,-0.183366
40.180000,0.417132
40.200000,0.339501
40.220000,-0.308189
40.240000,-0.406116
40.260000,0.312794
40.280000,0.454537
40.300000,-0.325964
40.320000,-0.469678
40.340000,0.291733
40.360000,0.546279
40.380000,-0.126618
40.400000,-0.539721
40.420000,0.001443
40.440000,0.558888
40.460000,0.165773
40.480000,-0.629736
40.500000,-0.371492
40.520000,0.565847
40.540000,0.250615
40.560000,-0.683513
40.580000,-0.377042
40.600000,0.533620
40.620000,0.488185
40.640000,-0.481400
40.660000,-0.677970
40.680000,0.336063
40.700000,0.598209
40.720000,-0.332428
40.740000,-0.588623
40.760000,0.386491
40.780000,0.833325
40.800000,-0.162693
40.820000,-0.791112
40.840000,0.048884
40.860000,0.763217
40.880000,0.153412
40.900000,-0.658752
40.920000,-0.215090
40.940000,0.640286
40.960000,0.181376
40.980000,-0.786837
41.000000,-0.328920
41.020000,0.828948
41.040000,0.582942
41.060000,-0.523945
41.080000,-0.413161
41.100000,0.641370
41.120000,0.654514
41.140000,-0.497629
41.160000,-0.742995
41.180000,0.393770
41.200000,0.741568
41.220000,-0.383748
41.240000,-0.973561
41.260000,-0.014635
41.280000,0.885584
41.300000,0.238283
41.320000,-0.802847
41.340000,-0.374534
41.360000,0.751706
41.380000,0.384208
41.400000,-1.015201
41.420000,-0.818049
41.440000,0.816611
41.460000,0.936843
41.480000,-0.577941
41.500000,-0.881300
41.520000,0.445080
41.540000,1.053361
41.560000,0.048019
41.580000,-0.719962
41.600000,0.072020
41.620000,0.703907
41.640000,-0.213330
41.660000,-1.062603
41.680000,-0.349596
41.700000,0.915197
41.720000,0.686165
41.740000,-0.739697
41.760000,-0.794791
41.780000,0.527869
41.800000,0.704189
41.820000,-0.465344
41.840000,-0.777291
41.860000,0.299428
41.880000,0.777314
41.900000,-0.215494
41.920000,-0.900279
41.940000,0.015855
41.960000,1.005553
41.980000,0.317023
42.000000,-0.772403
42.020000,-0.324649
42.040000,0.779878
42.060000,0.575417
42.080000,-0.560853
42.100000,-0.514526
42.120000,0.634396
42.140000,0.686441
42.160000,-0.490349
42.180000,-0.868684
42.200000,0.205386
42.220000,0.942051
42.240000,0.086887
42.260000,-0.727789
42.280000,-0.005697
42.300000,0.866448
42.320000,0.279604
42.340000,-0.779646
42.360000,-0.332517
42.380000,0.907302
42.400000,0.475627
42.420000,-1.005506
42.440000,-0.902781
42.460000,0.409476
42.480000,0.515604
42.500000,-0.615205
42.520000,-0.661244
42.540000,0.666316
42.560000,0.833782
42.580000,-0.603701
42.600000,-1.094193
42.620000,0.167282
42.640000,0.903845
42.660000,-0.204540
42.680000,-1.075894
42.700000,-0.136902
42.720000,0.752942
42.740000,0.081127
42.760000,-0.716615
42.780000,-0.053442
42.800000,0.968007
42.820000,0.529391
42.840000,-0.506982
42.860000,-0.336269
42.880000,0.616053
42.900000,0.604110
42.920000,-0.364666
42.940000,-0.468967
42.960000,0.274078
42.980000,0.348608
43.000000,-0.147950
43.020000,-0.331235
43.040000,0.117071
43.060000,0.504698
43.080000,0.055559
43.100000,-0.350999
43.120000,-0.033622
43.140000,0.298760
43.160000,0.174233
43.180000,-0.153921
43.200000,-0.158672
43.220000,-0.008935
43.240000,-0.171191
43.260000,-0.268348
43.280000,-0.105361
43.300000,0.046753
43.320000,0.157830
43.340000,0.133679
43.360000,0.031147
43.380000,0.082977
43.400000,0.132946
43.420000,0.045586
43.440000,-0.094970
43.460000,-0.235481
43.480000,-0.139614
43.500000,0.071657
43.520000,-0.057006
43.540000,-0.241921
43.560000,-0.072195
43.580000,0.184334
43.600000,0.148578
43.620000,-0.052680
43.640000,0.070294
43.660000,0.357804
43.680000,0.168163
43.700000,-0.365092
43.720000,-0.466194
43.740000,-0.016026
43.760000,0.144634
43.780000,-0.225582
43.800000,-0.372060
43.820000,-0.011588
43.840000,0.322879
43.860000,0.148203
43.880000,-0.120581
43.900000,0.169947
43.920000,0.530071
43.940000,0.194182
43.960000,-0.415814
43.980000,-0.405156
44.000000,0.079375
44.020000,0.101698
44.040000,-0.374994
44.060000,-0.364089
44.080000,0.335661
44.100000,0.621831
44.120000,0.056627
44.140000,-0.225753
44.160000,0.277945
44.180000,0.548065
44.200000,0.132105
44.220000,-0.290822
44.240000,-0.196321
44.260000,0.116260
44.280000,-0.017375
44.300000,-0.321948
44.320000,-0.125132
44.340000,0.205920
44.360000,0.216395
44.380000,0.017431
44.400000,-0.124677
44.420000,0.098178
44.440000,0.333279
44.460000,0.067695
44.480000,-0.277389
44.500000,-0.213040
44.520000,-0.030222
44.540000,-0.143904
44.560000,-0.316355
44.580000,-0.130944
44.600000,0.178840
44.620000,0.123626
44.640000,-0.192351
44.660000,-0.196453
44.680000,0.121824
44.700000,0.225215
44.720000,0.012053
44.740000,-0.207724
44.760000,-0.148060
44.780000,0.063287
44.800000,-0.042134
44.820000,-0.288114
44.840000,-0.088590
44.860000,0.347281
44.880000,0.334346
44.900000,-0.115641
44.920000,-0.239034
44.940000,0.204382
44.960000,0.421903
44.980000,0.044439
45.000000,-0.261525
45.020000,-0.047771
45.040000,0.197989
45.060000,-0.148947
45.080000,-0.554094
45.100000,-0.179730
45.120000,0.402879
45.140000,0.309366
45.160000,-0.145671
45.180000,-0.063525
45.200000,0.475176
45.220000,0.453784
45.240000,-0.074467
45.260000,-0.144672
45.280000,0.220509
45.300000,0.212327
45.320000,-0.268737
45.340000,-0.440493
45.360000,-0.115433
45.380000,0.090770
45.400000,0.017798
45.420000,-0.034440
45.440000,0.086498
45.460000,0.185259
45.480000,0.074422
45.500000,-0.065315
45.520000,-0.089641
45.540000,0.038525
45.560000,0.114070
45.580000,-0.211543
45.600000,-0.545588
45.620000,-0.377183
45.640000,0.031688
45.660000,0.204176
45.680000,0.003919
45.700000,-0.119309
45.720000,0.188154
45.740000,0.384877
45.760000,0.046708
45.780000,-0.203752
45.800000,0.086547
45.820000,0.226841
45.840000,-0.172285
45.860000,-0.435881
45.880000,-0.151575
45.900000,0.292346
45.920000,0.267031
45.940000,-0.107800
45.960000,-0.028932
45.980000,0.328334
46.000000,0.232402
46.020000,-0.088397
46.040000,-0.055869
46.060000,0.213592
46.080000,0.116788
46.100000,-0.260024
46.120000,-0.368428
46.140000,-0.228977
46.160000,-0.003708
46.180000,0.068755
46.200000,-0.020260
46.220000,0.052226
46.240000,0.045620
46.260000,-0.052978
46.280000,0.042581
46.300000,0.151157
46.320000,0.187595
46.340000,0.076928
46.360000,-0.116994
46.380000,-0.154272
46.400000,-0.129722
46.420000,-0.071799
46.440000,0.026925
46.460000,0.076170
46.480000,0.075949
46.500000,0.056582
46.520000,0.049260
46.540000,-0.038494
46.560000,-0.028001
46.580000,0.262527
46.600000,0.304569
46.620000,-0.115058
46.640000,-0.407598
46.660000,-0.285741
46.680000,-0.029015
46.700000,0.078820
46.720000,0.048941
46.740000,0.110836
46.760000,0.233369
46.780000,0.091964
46.800000,-0.162919
46.820000,-0.087856
46.840000,0.197366
46.860000,0.212156
46.880000,-0.166785
46.900000,-0.435897
46.920000,-0.202567
46.940000,0.099376
46.960000,-0.024570
46.980000,-0.192519
47.000000,0.155356
47.020000,0.471147
47.040000,0.093336
47.060000,-0.285726
47.080000,0.010304
47.100000,0.389855
47.120000,0.111629
47.140000,-0.388780
47.160000,-0.262779
47.180000,0.047849
47.200000,-0.158050
47.220000,-0.351824
47.240000,-0.013403
47.260000,0.409059
47.280000,0.265067
47.300000,-0.133194
47.320000,0.041012
47.340000,0.379496
47.360000,0.142082
47.380000,-0.146686
47.400000,-0.017471
47.420000,0.130690
47.440000,-0.019924
47.460000,-0.310039
47.480000,-0.270331
47.500000,0.112443
47.520000,0.229328
47.540000,0.098176
47.560000,0.028296
47.580000,-0.112314
47.600000,-0.099030
47.620000,0.061656
47.640000,0.007532
47.660000,-0.020843
47.680000,-0.019252
47.700000,-0.209029
47.720000,-0.372690
47.740000,-0.254829
47.760000,0.182121
47.780000,0.358099
47.800000,0.044769
47.820000,-0.026745
47.840000,0.175911
47.860000,0.199758
47.880000,0.079518
47.900000,-0.058100
47.920000,0.018238
47.940000,0.213225
47.960000,0.078310
47.980000,-0.229909
48.000000,-0.284348
48.020000,-0.145230
48.040000,-0.040762
48.060000,0.031275
48.080000,0.072232
48.100000,0.027509
48.120000,-0.002876
48.140000,0.009288
48.160000,0.027438
48.180000,0.065873
48.200000,0.051459
48.220000,-0.000297
48.240000,-0.079026
48.260000,-0.173300
48.280000,-0.112880
48.300000,0.006371
48.320000,0.019446
48.340000,-0.006378
48.360000,-0.001164
48.380000,0.132370
48.400000,0.159282
48.420000,-0.115446
48.440000,-0.163718
48.460000,0.133816
48.480000,0.205835
48.500000,-0.033040
48.520000,-0.180331
48.540000,-0.020360
48.560000,0.158245
48.580000,0.108649
48.600000,0.083963
48.620000,0.157093
48.640000,0.129739
48.660000,0.045417
48.680000,0.044622
48.700000,0.062052
48.720000,-0.013732
48.740000,-0.109858
48.760000,-0.201876
48.780000,-0.229521
48.800000,-0.137887
48.820000,-0.153164
48.840000,-0.155621
48.860000,0.003817
48.880000,-0.016259
48.900000,-0.106197
48.920000,-0.002088
48.940000,0.115267
48.960000,0.146271
48.980000,0.096388
49.000000,0.072523
49.020000,0.070092
49.040000,0.008228
49.060000,0.061225
49.080000,0.056774
49.100000,-0.039435
49.120000,0.053671
49.140000,0.018387
49.160000,-0.115453
49.180000,0.005547
49.200000,0.124339
49.220000,0.031288
49.240000,-0.173893
49.260000,-0.137685
49.280000,0.082843
49.300000,-0.012190
49.320000,-0.143139
49.340000,-0.033990
49.360000,0.108654
49.380000,0.169713
49.400000,-0.016347
49.420000,-0.096063
49.440000,0.163955
49.460000,0.161527
49.480000,-0.147312
49.500000,-0.192744
49.520000,-0.002753
49.540000,-0.068675
49.560000,-0.259168
49.580000,-0.025572
49.600000,0.285145
49.620000,0.061449
49.640000,-0.141760
49.660000,0.281368
49.680000,0.500983
49.700000,0.032544
49.720000,-0.211549
49.740000,-0.083874
49.760000,-0.055781
49.780000,-0.051552
49.800000,-0.144378
49.820000,-0.209019
49.840000,-0.047252
49.860000,0.004833
49.880000,-0.120745
49.900000,-0.127865
49.920000,0.111922
49.940000,0.349400
49.960000,0.221025
49.980000,-0.076669
50.000000,-0.204362
50.020000,-0.168063
50.040000,0.029923
50.060000,0.097245
50.080000,-0.080451
50.100000,0.015814
50.120000,0.112125
50.140000,-0.180397
50.160000,-0.235087
50.180000,0.075476
50.200000,0.384943
50.220000,0.409973
50.240000,0.016708
50.260000,-0.251201
50.280000,-0.119871
50.300000,0.067795
50.320000,0.054999
50.340000,-0.098307
50.360000,-0.054516
50.380000,0.094798
50.400000,0.007587
50.420000,-0.144901
50.440000,0.035790
50.460000,0.401536
50.480000,0.399135
50.500000,0.038700
50.520000,-0.272072
50.540000,-0.260391
50.560000,-0.117402
50.580000,-0.184842
50.600000,-0.134096
50.620000,0.051995
50.640000,0.037650
50.660000,-0.106810
50.680000,-0.305001
50.700000,-0.109283
50.720000,0.356377
50.740000,0.328131
50.760000,0.053850
50.780000,-0.134621
50.800000,-0.212629
50.820000,-0.090751
50.840000,-0.020022
50.860000,-0.069089
50.880000,-0.098678
50.900000,0.001361
50.920000,0.047851
50.940000,-0.152532
50.960000,-0.041490
50.980000,0.420830
51.000000,0.449475
51.020000,0.059673
51.040000,-0.114612
51.060000,0.022805
51.080000,0.064561
51.100000,-0.105135
51.120000,-0.141007
51.140000,0.126978
51.160000,0.232083
51.180000,-0.101715
51.200000,-0.264520
51.220000,-0.041287
51.240000,0.123857
51.260000,0.078471
51.280000,-0.107731
51.300000,-0.115151
51.320000,0.025018
51.340000,-0.152712
51.360000,-0.215372
51.380000,0.210602
51.400000,0.348115
51.420000,-0.037717
51.440000,-0.259947
51.460000,-0.082469
51.480000,0.147470
51.500000,0.132167
51.520000,0.081744
51.540000,0.186785
51.560000,0.067703
51.580000,-0.230766
51.600000,-0.261165
51.620000,-0.116374
51.640000,-0.052365
51.660000,-0.088455
51.680000,-0.011327
51.700000,0.188027
51.720000,0.146352
51.740000,-0.028951
51.760000,-0.023338
51.780000,0.064447
51.800000,0.079526
51.820000,-0.024613
51.840000,-0.035283
51.860000,-0.007577
51.880000,-0.302439
51.900000,-0.356073
51.920000,0.119750
51.940000,0.256687
51.960000,0.021452
51.980000,0.030861
52.000000,0.225917
52.020000,0.220032
52.040000,-0.001977
52.060000,0.074634
52.080000,0.344176
52.100000,0.154005
52.120000,-0.258338
52.140000,-0.329061
52.160000,-0.094469
52.180000,0.025587
52.200000,-0.120822
52.220000,-0.172720
52.240000,-0.044173
52.260000,0.047043
52.280000,0.032755
52.300000,-0.039623
52.320000,0.135345
52.340000,0.404880
52.360000,0.149618
52.380000,-0.249906
52.400000,-0.153086
52.420000,0.023414
52.440000,-0.078047
52.460000,-0.194288
52.480000,-0.170534
52.500000,-0.025026
52.520000,0.100654
52.540000,0.031186
52.560000,-0.063432
52.580000,0.094937
52.600000,0.300617
52.620000,0.131799
52.640000,-0.218635
52.660000,-0.254508
52.680000,-0.080075
52.700000,-0.063704
52.720000,-0.139112
52.740000,-0.017498
52.760000,0.203750
52.780000,0.180985
52.800000,0.038412
52.820000,0.067020
52.840000,0.127930
52.860000,0.050548
52.880000,-0.085771
52.900000,-0.095111
52.920000,0.012241
52.940000,-0.060339
52.960000,-0.208457
52.980000,-0.063261
53.000000,0.208771
53.020000,0.257924
53.040000,0.078081
53.060000,0.034257
53.080000,0.278463
53.100000,0.252987
53.120000,-0.190276
53.140000,-0.318765
53.160000,0.039026
53.180000,0.093502
53.200000,-0.415499
53.220000,-0.521637
53.240000,0.163099
53.260000,0.478171
53.280000,-0.074796
53.300000,-0.362640
53.320000,0.196021
53.340000,0.624285
53.360000,0.139243
53.380000,-0.543586
53.400000,-0.324309
53.420000,0.406284
53.440000,0.237886
53.460000,-0.611932
53.480000,-0.520506
53.500000,0.419721
53.520000,0.625695
53.540000,-0.174316
53.560000,-0.601554
53.580000,0.167392
53.600000,0.792693
53.620000,-0.008027
53.640000,-0.829835
53.660000,-0.208371
53.680000,0.648708
53.700000,0.216664
53.720000,-0.742022
53.740000,-0.407501
53.760000,0.785480
53.780000,0.650814
53.800000,-0.467310
53.820000,-0.438066
53.840000,0.538564
53.860000,0.581058
53.880000,-0.446843
53.900000,-0.690420
53.920000,0.160632
53.940000,0.357469
53.960000,-0.405755
53.980000,-0.723529
54.000000,0.065186
54.020000,0.774109
54.040000,0.227960
54.060000,-0.452575
54.080000,-0.020149
54.100000,0.636261
54.120000,0.328773
54.140000,-0.417689
54.160000,-0.243347
54.180000,0.505142
54.200000,0.331022
54.220000,-0.508030
54.240000,-0.514793
54.260000,0.264609
54.280000,0.433052
54.300000,-0.079122
54.320000,-0.281478
54.340000,-0.028317
54.360000,0.326773
54.380000,0.198237
54.400000,-0.392732
54.420000,-0.376506
54.440000,0.133633
54.460000,0.204875
54.480000,-0.103708
54.500000,-0.306917
54.520000,-0.000562
54.540000,0.372133
54.560000,0.019765
54.580000,-0.406947
54.600000,-0.055469
54.620000,0.445392
54.640000,0.134347
54.660000,-0.537396
54.680000,-0.398935
54.700000,0.273652
54.720000,0.280245
54.740000,-0.314844
54.760000,-0.293013
54.780000,0.383508
54.800000,0.426173
54.820000,-0.114053
54.840000,-0.161872
54.860000,0.275922
54.880000,0.381106
54.900000,-0.164715
54.920000,-0.486947
54.940000,-0.029446
54.960000,0.315173
54.980000,-0.042482
55.000000,-0.397971
55.020000,-0.054972
55.040000,0.426336
55.060000,0.273814
55.080000,-0.116787
55.100000,-0.076104
55.120000,0.287745
55.140000,0.289961
55.160000,-0.169501
55.180000,-0.282414
55.200000,0.060506
55.220000,0.119502
55.240000,-0.193408
55.260000,-0.296256
55.280000,-0.005981
55.300000,0.210927
55.320000,0.023063
55.340000,-0.312434
55.360000,-0.218246
55.380000,0.311566
55.400000,0.346680
55.420000,-0.163524
55.440000,-0.233023
55.460000,0.117121
55.480000,0.324988
55.500000,0.125474
55.520000,-0.311858
55.540000,-0.219932
55.560000,0.222359
55.580000,0.102107
55.600000,-0.330274
55.620000,-0.214340
55.640000,0.343026
55.660000,0.336094
55.680000,-0.251795
55.700000,-0.310907
55.720000,0.213685
55.740000,0.335271
55.760000,-0.161027
55.780000,-0.441070
55.800000,-0.088166
55.820000,0.221366
55.840000,-0.095140
55.860000,-0.486279
55.880000,-0.044050
55.900000,0.645940
55.920000,0.364721
55.940000,-0.319031
55.960000,-0.206270
55.980000,0.343102
56.000000,0.177184
56.020000,-0.494394
56.040000,-0.383021
56.060000,0.349362
56.080000,0.407406
56.100000,-0.255385
56.120000,-0.447688
56.140000,0.251865
56.160000,0.663472
56.180000,0.088618
56.200000,-0.387901
56.220000,0.051552
56.240000,0.562344
56.260000,0.130930
56.280000,-0.604158
56.300000,-0.263497
56.320000,0.580421
56.340000,0.266120
56.360000,-0.648594
56.380000,-0.582524
56.400000,0.201174
56.420000,0.427983
56.440000,-0.162942
56.460000,-0.320008
56.480000,0.469492
56.500000,0.695092
56.520000,-0.204001
56.540000,-0.753622
56.560000,-0.102194
56.580000,0.601250
56.600000,0.108766
56.620000,-0.698435
56.640000,-0.383584
56.660000,0.532166
56.680000,0.476256
56.700000,-0.404627
56.720000,-0.359425
56.740000,0.512721
56.760000,0.533241
56.780000,-0.283866
56.800000,-0.580280
56.820000,0.056274
56.840000,0.413285
56.860000,-0.201811
56.880000,-0.665044
56.900000,-0.297477
56.920000,0.314489
56.940000,0.380657
56.960000,-0.149618
56.980000,-0.197254
57.000000,0.430874
57.020000,0.523586
57.040000,-0.127735
57.060000,-0.484811
57.080000,-0.004309
57.100000,0.535734
57.120000,0.114765
57.140000,-0.690367
57.160000,-0.401225
57.180000,0.670648
57.200000,0.592175
57.220000,-0.649940
57.240000,-0.772949
57.260000,0.498123
57.280000,0.835444
57.300000,-0.284249
57.320000,-0.772703
57.340000,0.279100
57.360000,0.985505
57.380000,-0.089295
57.400000,-1.094202
57.420000,-0.152534
57.440000,1.062901
57.460000,0.429107
57.480000,-0.900980
57.500000,-0.519361
57.520000,0.937908
57.540000,0.706054
57.560000,-0.802201
57.580000,-0.826437
57.600000,0.480021
57.620000,0.757718
57.640000,-0.442419
57.660000,-0.973391
57.680000,0.228992
57.700000,1.007584
57.720000,0.024252
57.740000,-0.826083
57.760000,-0.042668
57.780000,0.880198
57.800000,0.122986
57.820000,-1.067200
57.840000,-0.588968
57.860000,0.706924
57.880000,0.562618
57.900000,-0.713314
57.920000,-0.644550
57.940000,0.703986
57.960000,0.809419
57.980000,-0.398024
58.000000,-0.707058
58.020000,0.455512
58.040000,1.032063
58.060000,-0.190871
58.080000,-1.135959
58.100000,-0.230340
58.120000,0.846126
58.140000,0.249182
58.160000,-0.869279
58.180000,-0.365373
58.200000,0.812265
58.220000,0.573999
58.240000,-0.441884
58.260000,-0.391088
58.280000,0.636898
58.300000,0.687741
58.320000,-0.501171
58.340000,-0.859260
58.360000,0.073307
58.380000,0.558776
58.400000,-0.164573
58.420000,-0.734740
58.440000,-0.037650
58.460000,0.820670
58.480000,0.419366
58.500000,-0.482512
58.520000,-0.233572
58.540000,0.656067
58.560000,0.532306
58.580000,-0.306338
58.600000,-0.532603
58.620000,-0.014389
58.640000,0.174107
58.660000,-0.399133
58.680000,-0.531477
58.700000,0.147433
58.720000,0.471654
58.740000,0.091061
58.760000,-0.290879
58.780000,-0.089128
58.800000,0.314084
58.820000,0.158929
58.840000,-0.240951
58.860000,-0.255952
58.880000,-0.072512
58.900000,-0.049608
58.920000,-0.152634
58.940000,-0.194062
58.960000,0.012083
58.980000,0.326100
59.000000,0.313909
59.020000,0.080723
59.040000,0.004951
59.060000,0.179370
59.080000,0.295184
59.100000,-0.065864
59.120000,-0.342442
59.140000,-0.090254
59.160000,0.106215
59.180000,-0.060353
59.200000,-0.397941
59.220000,-0.205084
59.240000,0.468811
59.260000,0.383840
59.280000,-0.178939
59.300000,-0.123800
59.320000,0.263664
59.340000,0.235240
59.360000,-0.294087
59.380000,-0.453664
59.400000,0.150188
59.420000,0.389484
59.440000,-0.254454
59.460000,-0.576600
59.480000,0.110580
59.500000,0.606573
59.520000,0.121386
59.540000,-0.317758
59.560000,0.037777
59.580000,0.573200
59.600000,0.334741
59.620000,-0.416386
59.640000,-0.339579
59.660000,0.353028
59.680000,0.252737
59.700000,-0.496154
59.720000,-0.533680
59.740000,0.377444
59.760000,0.610900
59.780000,-0.361102
59.800000,-0.614946
59.820000,0.391006
59.840000,0.801202
59.860000,-0.108309
59.880000,-0.741159
59.900000,-0.031766
59.920000,0.549110
59.940000,-0.170316
59.960000,-0.752434
59.980000,-0.059540
